5E-CF-7F-01-85-56,5ECF7F018556,5C-CF-7F-01-85-56,5CCF7F018556
5E-CF-7F-01-85-56,5ECF7F018556,5C-CF-7F-01-85-56,5CCF7F018556
62-01-94-2B-9D-48,6201942B9D48,60-01-94-2B-9D-48,6001942B9D48
62-01-94-2B-9D-48,6201942B9D48,60-01-94-2B-9D-48,6001942B9D48
62-01-94-2B-9D-48,6201942B9D48,60-01-94-2B-9D-48,6001942B9D48
62-01-94-2B-9D-48,6201942B9D48,60-01-94-2B-9D-48,6001942B9D48
62-01-94-2B-9D-48,6201942B9D48,60-01-94-2B-9D-48,6001942B9D48
62-01-94-2B-9D-48,6201942B9D48,60-01-94-2B-9D-48,6001942B9D48
62-01-94-2B-9D-48,6201942B9D48,60-01-94-2B-9D-48,6001942B9D48
62-01-94-2B-9D-48,6201942B9D48,60-01-94-2B-9D-48,6001942B9D48
62-01-94-2B-9D-48,6201942B9D48,60-01-94-2B-9D-48,6001942B9D48
62-01-94-2B-9D-48,6201942B9D48,60-01-94-2B-9D-48,6001942B9D48
62-01-94-2B-9D-48,6201942B9D48,60-01-94-2B-9D-48,6001942B9D48
62-01-94-2B-9D-48,6201942B9D48,60-01-94-2B-9D-48,6001942B9D48
62-01-94-2B-9D-48,6201942B9D48,60-01-94-2B-9D-48,6001942B9D48
62-01-94-2B-9D-48,6201942B9D48,60-01-94-2B-9D-48,6001942B9D48
62-01-94-2B-9D-48,6201942B9D48,60-01-94-2B-9D-48,6001942B9D48
62-01-94-2B-9D-48,6201942B9D48,60-01-94-2B-9D-48,6001942B9D48
62-01-94-2B-9D-48,6201942B9D48,60-01-94-2B-9D-48,6001942B9D48
